Actual Price,Predicted Price
11000000.0,29128700.14
38000000.0,52192022.84
2900000.0,4075570.48
5300000.0,-12789503.55
17500000.0,24154182.74
45000000.0,55927604.34
11000000.0,22164375.79
14500000.0,25646537.96
5500000.0,24154182.74
28000000.0,30621055.35
10500000.0,44431775.7
8200000.0,21666924.05
8500000.0,24407602.07
3762000.0,4075570.48
36500000.0,40072638.4
4500000.0,3478628.39
23500000.0,44983666.07
350000000.0,120596330.44
9800000.0,29382119.46
31500000.0,30123603.61
36500000.0,48212408.92
28000000.0,34854088.59
10000000.0,26512103.99
12600000.0,58839438.14
5400000.0,26894860.77
52500000.0,52689474.58
21000000.0,24402908.61
5555000.0,-12520879.61
22500000.0,7060280.91
14200000.0,29277935.66
13500000.0,29128700.14
9500000.0,21865904.74
30500000.0,33108314.05
55500000.0,27636344.92
81000000.0,55176733.27
13700000.0,32068358.85
91000000.0,61245644.49
50000000.0,48461134.79
30000000.0,51694571.1
70000000.0,44665296.96
22100000.0,31371926.42
7000000.0,3030921.83
8800000.0,21666924.05
8500000.0,26641441.44
2500000.0,-12520879.61
17000000.0,47118015.1
14300000.0,29327680.83
157600000.0,67567975.04
5000000.0,4821748.09
11700000.0,61127716.14
3450000.0,7313700.24
2000000.0,-13018331.35
14500000.0,8055184.39
8453000.0,26143989.7
14000000.0,7060280.91
7700000.0,21169472.31
3800000.0,8308603.72
38000000.0,52192022.84
21000000.0,24402908.61
8500000.0,22164375.79
12000000.0,23159279.27
15100000.0,32864281.64
23500000.0,23955202.05
34500000.0,50202215.88
28500000.0,51947990.42
29500000.0,32864281.64
3500000.0,5323893.28
6500000.0,8806055.46
22100000.0,31118507.09
44000000.0,30123603.61
55000000.0,31118507.09
2551000.0,3030921.83
35100000.0,48729758.73
25500000.0,31118507.09
11900000.0,28133796.66
5500000.0,3578118.74
7000000.0,24158876.2
13000000.0,7557732.65
3200000.0,4573022.22
35000000.0,31118507.09
4880000.0,7612171.28
14000000.0,21169472.31
190000000.0,58161443.71
3200000.0,5771599.85
55000000.0,29327680.83
13800000.0,42242988.05
12200000.0,20910797.4
39000000.0,51197119.36
20000000.0,9800958.94
22500000.0,7955694.05
67500000.0,63737596.64
5210000.0,-12769605.48
59500000.0,31118507.09
60500000.0,59653798.93
15100000.0,42939420.49
15000000.0,16547864.59
45000000.0,50699667.62
27500000.0,7139873.19
19000000.0,24203927.92
8100000.0,27193331.81
62500000.0,32640709.42
10000000.0,8055184.39
24400000.0,30621055.35
22500000.0,50202215.88
4500000.0,5323893.28
5800000.0,22661827.53
4100000.0,-10277653.33
36000000.0,49207312.4
2400000.0,-9780201.59
2600000.0,29879571.2
345000000.0,145649460.1
9500000.0,25149086.22
37000000.0,31864684.7
14500000.0,24154182.74
13000000.0,25646537.96
6000000.0,7015229.2
7000000.0,23507495.48
4500000.0,7313700.24
105000000.0,68607930.23
13700000.0,29138649.17
17500000.0,25646537.96
3642000.0,4821748.09
100000000.0,55176733.27
9000000.0,29382119.46
7400000.0,26397409.03
18500000.0,24402908.61
3400000.0,8308603.72
36800000.0,48212408.92
8300000.0,24407602.07
28500000.0,32864281.64
9600000.0,24154182.74
5800000.0,16269291.62
40000000.0,57917411.29
26600000.0,31118507.09
7500000.0,25402505.55
30000000.0,118577823.2
26000000.0,32864281.64
9000000.0,25149086.22
6650000.0,21268962.66
56000000.0,54181829.79
8500000.0,60721579.03
140000000.0,82970540.95
11000000.0,4573022.22
95000000.0,56171636.75
3200000.0,4075570.48
15000000.0,16014412.22
30000000.0,33605765.79
25000000.0,46973473.03
5500000.0,6065377.44
16500000.0,40253181.09
18200000.0,27138893.18
3200000.0,6219306.41
8200000.0,40253181.09
8000000.0,25899957.29
36000000.0,35650011.38
170000000.0,85204380.32
24800000.0,30123603.61
14300000.0,26143989.7
50000000.0,50878750.24
35500000.0,34356636.85
8500000.0,21169472.31
47500000.0,31118507.09
9000000.0,26143989.7
27000000.0,30223093.96
17500000.0,23656731.0
27500000.0,51197119.36
22000000.0,26641441.44
29000000.0,30123603.61
15500000.0,23159279.27
37500000.0,52942893.9
30500000.0,9800958.94
55000000.0,35595572.75
62500000.0,55176733.27
65000000.0,52192022.84
3150000.0,3478628.39
3500000.0,3657711.02
9600000.0,23159279.27
29400000.0,30123603.61
4000000.0,-11625466.48
3521000.0,6065377.44
34500000.0,52942893.9
26000000.0,32068358.85
34500000.0,50202215.88
18000000.0,42242988.05
15500000.0,27536854.57
8500000.0,21169472.31
65000000.0,95723743.48
30000000.0,32864281.64
32500000.0,26641441.44
320000000.0,184963623.56
4900000.0,8806055.46
25900000.0,32864281.64
5000000.0,50084287.53
21200000.0,53286416.66
38500000.0,52192022.84
5100000.0,8806055.46
8000000.0,25899957.29
3800000.0,4821748.09
26200000.0,28133796.66
35000000.0,83395116.06
57500000.0,31834837.6
26500000.0,29327680.83
49500000.0,31118507.09
5300000.0,-12520879.61
19200000.0,11537346.57
4800000.0,23159279.27
28900000.0,31615958.83
29000000.0,29715693.19
14900000.0,42813316.42
9500000.0,24223825.99
22500000.0,33859185.12
55100000.0,51694571.1
65000000.0,65528422.9
14500000.0,26641441.44
5100000.0,22114630.61
55000000.0,52669576.51
14500000.0,28884667.72
7500000.0,22164375.79
62500000.0,27636344.92
30000000.0,29382119.46
17000000.0,46222601.97
45500000.0,16786641.42
39500000.0,31118507.09
40000000.0,34356636.85
42500000.0,52192022.84
25000000.0,25208780.43
38900000.0,56922507.82
170000000.0,81224766.41
28000000.0,32864281.64
18200000.0,42242988.05
4700000.0,5567925.7
2400000.0,-9780201.59
70000000.0,34575515.62
12500000.0,25646537.96
37500000.0,54181829.79
26200000.0,32113410.57
3567000.0,4075570.48
1800000.0,44983666.07
8000000.0,24154182.74
36500000.0,50202215.88
3500000.0,3478628.39
9000000.0,25149086.22
11000000.0,18582723.26
13000000.0,25149086.22
3250000.0,7313700.24
155000000.0,132959747.29
27500000.0,51197119.36
50000000.0,29128700.14
17000000.0,26695880.07
10800000.0,23159279.27
9800000.0,23059788.92
6000000.0,21268962.66
8700000.0,24407602.07
5000000.0,21169472.31
65000000.0,36814048.45
23500000.0,31371926.42
130000000.0,73084995.88
6000000.0,5567925.7
3000000.0,44983666.07
37400000.0,52192022.84
17000000.0,25899957.29
18500000.0,13029701.79
4650000.0,24407602.07
14500000.0,26143989.7
4540000.0,7612171.28
26000000.0,31869378.16
80000000.0,49207312.4
95000000.0,64130864.58
28000000.0,51197119.36
21500000.0,9050087.87
7151000.0,26193734.87
3050000.0,6020325.72
27500000.0,28631248.4
5520000.0,8308603.72
11500000.0,7060280.91
21200000.0,55927604.34
6300000.0,19433084.68
270000000.0,130545365.22
150000000.0,54932700.86
1590000.0,47696519.18
3800000.0,4075570.48
15000000.0,42740439.79
13000000.0,47217505.44
14000000.0,59336889.88
36000000.0,51694571.1
7000000.0,6065377.44
29800000.0,30123603.61
15100000.0,30670800.53
38500000.0,54181829.79
8500000.0,23477648.38
320000000.0,111886231.55
11500000.0,22661827.53
28000000.0,26143989.7
3800000.0,8010132.68
4900000.0,22661827.53
10000000.0,29382119.46
9000000.0,29382119.46
5500000.0,4573022.22
31000000.0,33859185.12
27500000.0,34854088.59
46000000.0,50699667.62
33500000.0,27143586.64
18000000.0,28133796.66
32500000.0,44983666.07
55000000.0,53186926.31
25000000.0,29874877.75
13500000.0,25899957.29
38000000.0,48212408.92
8800000.0,21666924.05
11000000.0,29879571.2
32500000.0,37087927.96
3200000.0,3080667.0
18500000.0,29879571.2
15500000.0,44983666.07
52500000.0,55176733.27
4500000.0,7557732.65
25000000.0,29128700.14
26800000.0,29128700.14
23500000.0,30123603.61
6500000.0,20920746.44
30000000.0,30123603.61
115000000.0,55176733.27
12500000.0,23159279.27
10600000.0,5567925.7
14000000.0,7060280.91
42100000.0,50202215.88
15000000.0,-10531072.65
17000000.0,22761317.87
7000000.0,20672020.57
6500000.0,41745536.31
27000000.0,34356636.85
220000000.0,86839255.41
2100000.0,-13018331.35
23500000.0,28133796.66
12500000.0,22164375.79
35000000.0,53440345.64
10000000.0,21169472.31
7000000.0,3687558.12
9000000.0,44983666.07
3000000.0,5269454.65
2200000.0,-13018331.35
6900000.0,7060280.91
15500000.0,42242988.05
28000000.0,31118507.09
18000000.0,26143989.7
9700000.0,19975588.13
8000000.0,25298321.74
6000000.0,6418287.11
8900000.0,21169472.31
56500000.0,28133796.66
11600000.0,29879571.2
80000000.0,55176733.27
125500000.0,63135961.1
15200000.0,10044991.35
27500000.0,31118507.09
24500000.0,26143989.7
65000000.0,29879571.2
5900000.0,7060280.91
29800000.0,31118507.09
16900000.0,26695880.07
27500000.0,30621055.35
110000000.0,52689474.58
8400000.0,4573022.22
9000000.0,27143586.64
9500000.0,28387215.98
16000000.0,28133796.66
5800000.0,7060280.91
32400000.0,13029701.79
24000000.0,31118507.09
46500000.0,38082831.44
14900000.0,59535870.58
21000000.0,46222601.97
29500000.0,32113410.57
19500000.0,48212408.92
11100000.0,7214209.89
125000000.0,64130864.58
2700000.0,-9780201.59
37500000.0,33859185.12
6500000.0,26143989.7
35700000.0,51694571.1
3000000.0,6318796.76
26000000.0,33859185.12
39000000.0,46222601.97
6900000.0,22164375.79
15500000.0,12288217.63
66000000.0,57917411.29
36500000.0,52192022.84
15200000.0,12785669.37
48000000.0,48461134.79
9500000.0,26641441.44
17200000.0,9050087.87
3400000.0,8308603.72
241500000.0,120596330.44
300000000.0,54181829.79
24700000.0,30123603.61
12000000.0,43237891.53
15100000.0,30621055.35
4100000.0,-11923937.52
21500000.0,24402908.61
69000000.0,60191046.8
19000000.0,27392312.51
5000000.0,7060280.91
200000000.0,82039127.19
23600000.0,11039894.83
4000000.0,4374041.52
25000000.0,27636344.92
130000000.0,63135961.1
39000000.0,52192022.84
6500000.0,23159279.27
140000000.0,128165772.59
50000000.0,50699667.62
3700000.0,5070473.96
21500000.0,27536854.57
2650000.0,6816248.5
7950000.0,22164375.79
12000000.0,42242988.05
55100000.0,35595572.75
8600000.0,6065377.44
32500000.0,33958675.46
60000000.0,55176733.27
140000000.0,60151250.66
27500000.0,29879571.2
15800000.0,25397812.09
27500000.0,32864281.64
26500000.0,65062278.34
65500000.0,35595572.75
37500000.0,31869378.16
12500000.0,23059788.92
280000000.0,117855652.42
34000000.0,52192022.84
26500000.0,31869378.16
4500000.0,5323893.28
90000000.0,29626151.88
25000000.0,32113410.57
16000000.0,64908349.36
36800000.0,34103217.53
20500000.0,27636344.92
8000000.0,28387215.98
20000000.0,42740439.79
8451000.0,26143989.7
5800000.0,25899957.29
12500000.0,8552636.13
3950000.0,-12520879.61
85000000.0,53186926.31
30000000.0,50202215.88
27500000.0,30123603.61
28800000.0,29128700.14
37500000.0,50699667.62
29500000.0,31118507.09
40000000.0,52490493.88
14500000.0,7060280.91
9500000.0,24850615.18
25000000.0,31869378.16
6500000.0,26695880.07
4750000.0,7612171.28
2800000.0,3478628.39
9000000.0,38263374.14
62500000.0,31118507.09
44800000.0,52192022.84
4600000.0,2583215.26
12500000.0,53367469.01
3475000.0,4821748.09
13000000.0,27889764.24
32500000.0,50192266.84
22500000.0,27969356.52
8000000.0,21666924.05
19500000.0,30874474.68
17200000.0,28884667.72
5000000.0,8806055.46
8000000.0,23955202.05
10500000.0,42242988.05
7500000.0,25899957.29
3000000.0,5821345.02
25200000.0,32864281.64
42500000.0,30869781.22
20500000.0,14024605.26
28500000.0,32113410.57
250000000.0,80229862.93
6200000.0,-8287846.37
6800000.0,23159279.27
15400000.0,47217505.44
16000000.0,23656731.0
4600000.0,32312391.27
2800000.0,4846339.61
43500000.0,73265538.58
7500000.0,19925842.96
220000000.0,84779805.21
4000000.0,44983666.07
8200000.0,24154182.74
7500000.0,21666924.05
11200000.0,23159279.27
7500000.0,22164375.79
17500000.0,25149086.22
62000000.0,33859185.12
14500000.0,47217505.44
7200000.0,21169472.31
95000000.0,44983666.07
22500000.0,27536854.57
72500000.0,59653798.93
32000000.0,17144806.68
40000000.0,32963771.98
3600000.0,6816248.5
17000000.0,25149086.22
30000000.0,55212733.9
8000000.0,24407602.07
15100000.0,30521565.01
17500000.0,42740439.79
20000000.0,23114227.55
7000000.0,25899957.29
4600000.0,5771599.85
7500000.0,4821748.09
32500000.0,53684378.05
3000000.0,12532250.05
19600000.0,28387215.98
28500000.0,33108314.05
41100000.0,50202215.88
70000000.0,55176733.27
41000000.0,32640709.42
75000000.0,40072638.4
35000000.0,30123603.61
23000000.0,33859185.12
3800000.0,5567925.7
25000000.0,44983666.07
3600000.0,5070473.96
15800000.0,33361733.38
23000000.0,29128700.14
8500000.0,25646537.96
28500000.0,30123603.61
15500000.0,12785669.37
23500000.0,51197119.36
8500000.0,22363356.48
23500000.0,31615958.83
35000000.0,31118507.09
7600000.0,21169472.31
125000000.0,48709860.66
301100000.0,130545365.22
7100000.0,5567925.7
4600000.0,22164375.79
19000000.0,41168492.29
3500000.0,8308603.72
4000000.0,-12520879.61
29800000.0,34854088.59
4500000.0,4871493.26
8000000.0,21666924.05
30000000.0,52192022.84
11000000.0,30874474.68
8200000.0,21666924.05
75000000.0,31834837.6
145000000.0,34655107.9
6500000.0,24407602.07
13000000.0,43237891.53
95000000.0,55176733.27
3650000.0,3578118.74
24500000.0,31869378.16
2850000.0,6816248.5
22000000.0,24402908.61
8487000.0,26695880.07
14500000.0,25149086.22
33000000.0,47217505.44
39000000.0,30277532.59
100000000.0,73084995.88
2721000.0,3478628.39
40500000.0,15337877.86
7300000.0,41745536.31
6500000.0,25149086.22
13500000.0,24850615.18
4390000.0,3478628.39
78000000.0,64130864.58
16000000.0,7060280.91
11500000.0,5269454.65
8500000.0,22164375.79
47500000.0,40009148.68
13000000.0,24905053.81
7600000.0,33859185.12
12100000.0,22661827.53
7000000.0,25004544.16
16200000.0,30621055.35
33500000.0,33108314.05
9500000.0,24154182.74
65000000.0,38082831.44
8500000.0,24810819.04
6500000.0,24154182.74
24000000.0,31118507.09
4900000.0,23059788.92
12800000.0,23159279.27
150000000.0,82039127.19
26000000.0,31118507.09
19500000.0,25646537.96
24000000.0,27143586.64
4200000.0,23910150.33
82500000.0,66667868.45
6011000.0,8238960.48
7488000.0,23557240.66
11000000.0,44232795.01
2700000.0,5070473.96
340000000.0,73084995.88
50000000.0,33108314.05
11000000.0,4573022.22
4100000.0,20672020.57
47500000.0,32113410.57
31500000.0,30123603.61
55000000.0,31118507.09
25500000.0,26641441.44
2000000.0,17506767.44
12500000.0,8055184.39
60000000.0,66102233.53
15500000.0,62376038.95
54900000.0,30849883.15
101500000.0,57917411.29
7200000.0,21169472.31
17000000.0,9547539.61
37500000.0,58161443.71
5900000.0,24905053.81
77500000.0,55166784.24
13700000.0,31670397.46
38500000.0,52192022.84
130000000.0,75825673.91
7500000.0,23159279.27
8500000.0,23159279.27
15000000.0,41745536.31
95000000.0,46222601.97
33100000.0,50202215.88
26500000.0,50202215.88
34700000.0,50943137.91
32000000.0,92548228.06
1600000.0,14775476.33
5500000.0,21169472.31
30000000.0,29327680.83
12500000.0,41248084.57
32000000.0,24651634.48
29000000.0,31118507.09
2400000.0,-13814254.13
18000000.0,28884667.72
5600000.0,21268962.66
77100000.0,68861349.56
3500000.0,8308603.72
54500000.0,31834837.6
35500000.0,28486706.33
105000000.0,52042787.31
170000000.0,83034030.67
12500000.0,41745536.31
2900000.0,3578118.74
14500000.0,8055184.39
13500000.0,8055184.39
65000000.0,55176733.27
7000000.0,22164375.79
29000000.0,53186926.31
2850000.0,4573022.22
3000000.0,-12023427.87
34500000.0,70036795.73
19000000.0,12288217.63
5988000.0,5826600.6
32500000.0,47217505.44
2700000.0,14775476.33
7200000.0,24546888.56
8000000.0,9800958.94
7400000.0,21268962.66
30000000.0,49207312.4
7500000.0,4553124.15
15100000.0,10795862.42
32900000.0,32864281.64
88000000.0,75825673.91
15100000.0,29924622.92
3800000.0,4573022.22
28900000.0,30621055.35
23500000.0,11537346.57
5000000.0,4374041.52
82500000.0,35595572.75
3400000.0,8308603.72
50000000.0,38281812.14
28300000.0,53440345.64
4500000.0,6667012.98
60000000.0,47036962.75
13700000.0,29128700.14
30000000.0,49207312.4
4500000.0,24009640.68
44000000.0,29128700.14
10500000.0,24905053.81
11000000.0,44431775.7
40000000.0,29382119.46
16000000.0,44983666.07
31000000.0,33859185.12
3100000.0,3677609.09
10500000.0,23159279.27
5988000.0,22164375.79
6000000.0,24905053.81
17800000.0,10795862.42
7500000.0,6318796.76
2800000.0,2583215.26
4600000.0,21268962.66
33500000.0,27636344.92
34500000.0,52192022.84
15700000.0,30621055.35
6800000.0,24009640.68
22500000.0,26894860.77
11500000.0,24154182.74
5700000.0,23159279.27
21000000.0,41248084.57
14000000.0,48963279.99
40000000.0,31118507.09
9600000.0,21666924.05
300000000.0,117855652.42
5951000.0,24905053.81
8500000.0,22164375.79
13000000.0,20075078.48
35200000.0,50699667.62
12000000.0,23656731.0
3620000.0,5070473.96
6000000.0,8806055.46
9500000.0,23159279.27
31500000.0,91209801.82
45000000.0,57917411.29
2800000.0,4075570.48
21000000.0,24402908.61
10500000.0,7060280.91
5989000.0,8626972.83
8000000.0,25800466.94
10000000.0,7557732.65
70000000.0,31118507.09
13000000.0,58341986.4
13600000.0,7060280.91
11000000.0,24154182.74
31500000.0,31118507.09
3500000.0,3617914.88
28000000.0,29715693.19
3400000.0,4075570.48
50000000.0,51595080.75
34500000.0,35848992.07
72500000.0,38336250.77
52500000.0,32730250.73
37000000.0,30123603.61
25000000.0,31869378.16
33100000.0,50202215.88
8500000.0,25149086.22
52500000.0,44305671.64
4200000.0,4075570.48
24900000.0,29128700.14
3500000.0,3777099.44
31500000.0,52192022.84
26500000.0,31118507.09
9500000.0,25646537.96
15000000.0,25149086.22
3212000.0,4075570.48
33500000.0,62321600.32
33500000.0,54932700.86
3000000.0,4374041.52
3551000.0,4573022.22
21800000.0,11537346.57
5400000.0,-11923937.52
23500000.0,9880551.22
10000000.0,22164375.79
7500000.0,-9780201.59
45500000.0,53937797.38
38000000.0,26641441.44
5300000.0,23169228.3
3500000.0,3478628.39
44700000.0,57917411.29
47000000.0,69783376.4
13000000.0,41745536.31
8500000.0,11790765.89
26800000.0,30053960.37
13500000.0,25646537.96
5450000.0,-12809401.62
30000000.0,24154182.74
38000000.0,50202215.88
15100000.0,30621055.35
25000000.0,30874474.68
14500000.0,25149086.22
150000000.0,58161443.71
16000000.0,23656731.0
34800000.0,26641441.44
80000000.0,35595572.75
131500000.0,67567975.04
10500000.0,24651634.48
13800000.0,24154182.74
21200000.0,53634632.88
115000000.0,58902365.74
45000000.0,50202215.88
35000000.0,50699667.62
14900000.0,26641441.44
28500000.0,31118507.09
42500000.0,53440345.64
4700000.0,24407602.07
60000000.0,53186926.31
23800000.0,30874474.68
6600000.0,7811151.98
36500000.0,52942893.9
20000000.0,51694571.1
35000000.0,51197119.36
34000000.0,31834837.6
28500000.0,51197119.36
52500000.0,34575515.62
35000000.0,32864281.64
3600000.0,5567925.7
125000000.0,55927604.34
14000000.0,25646537.96
40000000.0,31118507.09
14500000.0,24154182.74
17000000.0,23656731.0
3500000.0,4573022.22
12000000.0,44983666.07
9800000.0,21666924.05
14500000.0,28884667.72
28000000.0,31118507.09
67500000.0,60151250.66
28000000.0,31172945.72
13000000.0,24651634.48
79000000.0,56171636.75
7500000.0,23159279.27
60000000.0,53744072.26
11000000.0,25149086.22
24000000.0,40253181.09
27500000.0,26641441.44
105000000.0,162578295.29
67500000.0,59653798.93
26800000.0,32864281.64
21000000.0,27392312.51
8500000.0,22164375.79
7175000.0,23159279.27
20000000.0,43735343.27
70000000.0,37585379.7
15000000.0,46222601.97
8491000.0,26143989.7
55000000.0,81224766.41
7900000.0,25402505.55
5900000.0,21169472.31
15300000.0,48963279.99
17500000.0,25149086.22
28500000.0,47968376.51
35000000.0,27536854.57
2900000.0,6219306.41
200000000.0,78059513.28
34000000.0,49207312.4
5200000.0,20731714.78
21800000.0,55927604.34
35000000.0,27536854.57
5500000.0,18582723.26
7500000.0,24154182.74
12000000.0,22164375.79
25800000.0,31118507.09
34500000.0,64067374.86
3650000.0,3578118.74
74900000.0,40072638.4
43500000.0,24905053.81
7800000.0,5269454.65
4500000.0,-13018331.35
20000000.0,24402908.61
28200000.0,31118507.09
28600000.0,46222601.97
9500000.0,24651634.48
34000000.0,27392312.51
29900000.0,50699667.62
2000000.0,14775476.33
18500000.0,24905053.81
3351000.0,4473531.87
31000000.0,53440345.64
27500000.0,29879571.2
30000000.0,30277532.59
4100000.0,45481117.81
36500000.0,33108314.05
6800000.0,21169472.31
27000000.0,27143586.64
5500000.0,27591293.2
29000000.0,33108314.05
8400000.0,24407602.07
12000000.0,21666924.05
25000000.0,28133796.66
40000000.0,53937797.38
11000000.0,23159279.27
81500000.0,29626151.88
24500000.0,30242992.03
5500000.0,5717161.22
65000000.0,68607930.23
12500000.0,44272591.15
26000000.0,31118507.09
3700000.0,4075570.48
18000000.0,24154182.74
6000000.0,21666924.05
3200000.0,6562829.18
37500000.0,48963279.99
7500000.0,41745536.31
5600000.0,21169472.31
72500000.0,52192022.84
105000000.0,82039127.19
125000000.0,73084995.88
7800000.0,5866396.74
27500000.0,27536854.57
18000000.0,44431775.7
35500000.0,33108314.05
35500000.0,52192022.84
22500000.0,13283121.11
40000000.0,33859185.12
57500000.0,34575515.62
13100000.0,26397409.03
15000000.0,40253181.09
29500000.0,30621055.35
13500000.0,27392312.51
22500000.0,9050087.87
3733000.0,4075570.48
105000000.0,55176733.27
12500000.0,42242988.05
4500000.0,3478628.39
15500000.0,47714957.18
93000000.0,100127932.5
13000000.0,11790765.89
75000000.0,57917411.29
3000000.0,-9282749.85
6000000.0,-12023427.87
8500000.0,19478136.39
21000000.0,12532250.05
25000000.0,31615958.83
27000000.0,34854088.59
5300000.0,25402505.55
9000000.0,22164375.79
36500000.0,50202215.88
1900000.0,-12520879.61
19000000.0,24402908.61
13700000.0,30869781.22
51500000.0,31118507.09
14000000.0,24154182.74
70000000.0,27889764.24
35000000.0,33859185.12
27900000.0,60829245.1
25500000.0,31471416.77
4530000.0,7313700.24
27500000.0,32864281.64
24000000.0,24154182.74
25800000.0,51694571.1
12200000.0,25646537.96
7400000.0,23159279.27
4300000.0,4075570.48
31000000.0,29327680.83
8500000.0,20055180.41
13500000.0,16547864.59
29500000.0,32864281.64
125000000.0,90689531.88
38500000.0,51197119.36
285000000.0,70100285.45
130000000.0,48212408.92
3600000.0,5567925.7
40100000.0,33859185.12
50000000.0,27138893.18
3100000.0,7313700.24
35400000.0,33859185.12
27000000.0,30621055.35
7800000.0,24651634.48
35000000.0,31118507.09
37500000.0,60902121.73
23000000.0,6562829.18
36000000.0,31118507.09
19500000.0,51197119.36
3675000.0,4821748.09
23000000.0,11790765.89
2200000.0,-11525976.13
67500000.0,53684378.05
14000000.0,7060280.91
7490000.0,24905053.81
100000000.0,55176733.27
7800000.0,21666924.05
55000000.0,31118507.09
16500000.0,25646537.96
26500000.0,30123603.61
15500000.0,50699667.62
30000000.0,46222601.97
6800000.0,26143989.7
22500000.0,26124091.63
4500000.0,2583215.26
6700000.0,22164375.79
70000000.0,76101013.49
25000000.0,31869378.16
3550000.0,4075570.48
5400000.0,8308603.72
29200000.0,32113410.57
70000000.0,64130864.58
5500000.0,4573022.22
90000000.0,55176733.27
100000000.0,55176733.27
9500000.0,4573022.22
34500000.0,31118507.09
85000000.0,55445357.21
4000000.0,-12520879.61
16500000.0,42242988.05
5500000.0,10298410.68
75000000.0,65125768.06
37500000.0,50202215.88
6100000.0,27636344.92
5500000.0,22661827.53
5700000.0,7811151.98
19800000.0,10044991.35
52500000.0,31118507.09
55000000.0,53186926.31
6000000.0,47994990.23
6500000.0,24154182.74
32500000.0,53440345.64
41000000.0,31615958.83
3300000.0,-11028524.39
14000000.0,27143586.64
6800000.0,24905053.81
45000000.0,30277532.59
16300000.0,48963279.99
15000000.0,24402908.61
52000000.0,58016901.64
40000000.0,31118507.09
4500000.0,5567925.7
5700000.0,-5303135.94
8500000.0,26397409.03
22000000.0,53440345.64
21500000.0,12333269.35
15100000.0,30203195.89
320000000.0,117855652.42
28000000.0,32113410.57
4500000.0,22761317.87
18000000.0,44983666.07
22000000.0,13527153.52
2800000.0,3578118.74
28100000.0,34854088.59
32500000.0,31118507.09
4800000.0,-12520879.61
15200000.0,24154182.74
400000000.0,85774708.69
21000000.0,7060280.91
5400000.0,25899957.29
30000000.0,31118507.09
27000000.0,51694571.1
72500000.0,36938692.44
13500000.0,9050087.87
34500000.0,30123603.61
18200000.0,42242988.05
350000000.0,99947389.8
14500000.0,42242988.05
7500000.0,23159279.27
15200000.0,50699667.62
15900000.0,30123603.61
35000000.0,44983666.07
3550000.0,4573022.22
18500000.0,29128700.14
4000000.0,4075570.48
2200000.0,-10854697.35
65000000.0,96328861.28
65000000.0,56244513.38
32500000.0,26143989.7
16000000.0,33859185.12
4200000.0,20075078.48
55000000.0,29128700.14
35000000.0,24402908.61
47500000.0,52942893.9
28500000.0,28486706.33
14500000.0,22840910.15
4350000.0,-12520879.61
7200000.0,22666520.98
21200000.0,53286416.66
12900000.0,25899957.29
67500000.0,31118507.09
23000000.0,12532250.05
2900000.0,5323893.28
11000000.0,10298410.68
6400000.0,21268962.66
6000000.0,7060280.91
26800000.0,31869378.16
42000000.0,50202215.88
6900000.0,24308111.72
47500000.0,28631248.4
30000000.0,31118507.09
4300000.0,3811640.0
8400000.0,23159279.27
5500000.0,7313700.24
28500000.0,33859185.12
4800000.0,6562829.18
16500000.0,26894860.77
175000000.0,55176733.27
40000000.0,27636344.92
8000000.0,4871493.26
7000000.0,4826441.54
23600000.0,43237891.53
10000000.0,22164375.79
38500000.0,33859185.12
29000000.0,35848992.07
18500000.0,45481117.81
8200000.0,3926334.96
110000000.0,75825673.91
23800000.0,32864281.64
55000000.0,57927360.33
15100000.0,30621055.35
7000000.0,5269454.65
30500000.0,64067374.86
15100000.0,32963771.98
26000000.0,33108314.05
27000000.0,31615958.83
180000000.0,116542964.52
3500000.0,7313700.24
2700000.0,6816248.5
2600000.0,3478628.39
10500000.0,23656731.0
170000000.0,29879571.2
29700000.0,30123603.61
160000000.0,73084995.88
130000000.0,67617720.21
79000000.0,56425056.08
14500000.0,10795862.42
32500000.0,51947990.42
45000000.0,66871542.6
5500000.0,4821748.09
23800000.0,32113410.57
13700000.0,29128700.14
35000000.0,30879730.26
6251000.0,22661827.53
2250000.0,-13018331.35
160000000.0,117855652.42
52500000.0,48212408.92
8200000.0,24154182.74
18000000.0,24905053.81
2500000.0,4573022.22
15100000.0,30123603.61
29000000.0,27636344.92
38500000.0,17144806.68
31000000.0,30123603.61
28500000.0,30979220.61
6500000.0,2583215.26
25000000.0,30123603.61
14500000.0,10795862.42
38500000.0,50202215.88
25800000.0,33361733.38
6500000.0,23159279.27
2950000.0,-12023427.87
2600000.0,5821345.02
6000000.0,24905053.81
16000000.0,28387215.98
35000000.0,61326696.84
12500000.0,42740439.79
11000000.0,5627619.91
28900000.0,30123603.61
45000000.0,32362136.44
28000000.0,32864281.64
15000000.0,23159279.27
5250000.0,24009640.68
28000000.0,27636344.92
12000000.0,23656731.0
23000000.0,16014412.22
7500000.0,4075570.48
12500000.0,22164375.79
77500000.0,37087927.96
103500000.0,55176733.27
140000000.0,73084995.88
6350000.0,22661827.53
55000000.0,54932700.86
19500000.0,25899957.29
7500000.0,21169472.31
21100000.0,52192022.84
11000000.0,22164375.79
205000000.0,130545365.22
9500000.0,24154182.74
8500000.0,25899957.29
80000000.0,55176733.27
5500000.0,6164867.78
47500000.0,49207312.4
185000000.0,72090092.41
90000000.0,51197119.36
21200000.0,55927604.34
80000000.0,58912314.77
15800000.0,33361733.38
21500000.0,27133637.6
32500000.0,44232795.01
3650000.0,4324296.35
21800000.0,31869378.16
2600000.0,3180157.35
9000000.0,25149086.22
17500000.0,52820272.1
7500000.0,25149086.22
7500000.0,23159279.27
2500000.0,2583215.26
28500000.0,29382119.46
13500000.0,24651634.48
12000000.0,43237891.53
40200000.0,31118507.09
8000000.0,24905053.81
12500000.0,60087760.95
4500000.0,6816248.5
3200000.0,-13018331.35
10500000.0,44431775.7
14300000.0,28884667.72
62100000.0,35595572.75
17000000.0,42242988.05
62500000.0,27636344.92
80000000.0,66871542.6
2700000.0,3578118.74
9200000.0,23910150.33
29000000.0,29128700.14
5500000.0,22164375.79
28500000.0,33142854.61
66000000.0,53440345.64
28500000.0,29128700.14
30000000.0,26641441.44
12500000.0,25899957.29
95000000.0,56849631.18
4451000.0,21268962.66
5000000.0,9353252.37
31000000.0,44983666.07
8500000.0,25746028.31
13700000.0,31919123.33
5900000.0,24905053.81
7500000.0,26143989.7
10500000.0,26894860.77
7500000.0,6065377.44
25000000.0,32864281.64
4580000.0,7612171.28
68500000.0,44549704.05
57500000.0,36814048.45
77500000.0,56171636.75
46000000.0,53186926.31
50000000.0,49207312.4
10000000.0,42993859.12
2200000.0,-10526379.2
9400000.0,9303507.2
35500000.0,50202215.88
22100000.0,31371926.42
5300000.0,-12520879.61
45000000.0,31118507.09
26000000.0,29128700.14
16000000.0,21089880.03
18000000.0,22164375.79
18000000.0,16964263.98
2786000.0,4075570.48
37800000.0,69041892.25
9900000.0,39059296.92
18400000.0,45481117.81
6551000.0,25899957.29
14000000.0,10542443.09
29500000.0,30123603.61
22000000.0,9298813.74
17000000.0,22164375.79
28200000.0,30123603.61
25500000.0,24402908.61
13500000.0,9800958.94
39000000.0,54932700.86
45000000.0,50699667.62
1700000.0,-12520879.61
4200000.0,7060280.91
2957000.0,3578118.74
17500000.0,28685687.03
36000000.0,33859185.12
23000000.0,12034798.31
300000000.0,130545365.22
72500000.0,35595572.75
16500000.0,42740439.79
36000000.0,27392312.51
12500000.0,44983666.07
13500000.0,8055184.39
6500000.0,9800958.94
40000000.0,28133796.66
50000000.0,31118507.09
4000000.0,3478628.39
135000000.0,95511580.36
53000000.0,72455871.25
8455000.0,27123688.57
28000000.0,34854088.59
7100000.0,25899957.29
30500000.0,31118507.09
6000000.0,6378490.97
7500000.0,42496407.38
10000000.0,44983666.07
27500000.0,31118507.09
37500000.0,51197119.36
37300000.0,54932700.86
38000000.0,48212408.92
135000000.0,58414863.03
7900000.0,22164375.79
29700000.0,33108314.05
6500000.0,23955202.05
28400000.0,32864281.64
23500000.0,30526258.46
42500000.0,33108314.05
11500000.0,32909333.35
11500000.0,21169472.31
22800000.0,26661339.51
90000000.0,50202215.88
9600000.0,7955694.05
36600000.0,31834837.6
4500000.0,7060280.91
3200000.0,4075570.48
4700000.0,2583215.26
4730000.0,7313700.24
31000000.0,27143586.64
25800000.0,32113410.57
17500000.0,43088656.01
110000000.0,52192022.84
50000000.0,60549212.06
25000000.0,49958183.47
8500000.0,29382119.46
57500000.0,55176733.27
7600000.0,-7790394.63
31500000.0,27889764.24
7500000.0,27392312.51
140000000.0,55176733.27
85000000.0,124005615.98
65000000.0,50699667.62
138000000.0,60320384.26
22100000.0,28133796.66
23700000.0,26641441.44
38500000.0,53937797.38
5000000.0,7060280.91
7500000.0,7811151.98
35000000.0,83395116.06
8800000.0,21666924.05
9500000.0,19925842.96
12000000.0,20672020.57
3200000.0,6667012.98
55200000.0,50202215.88
60000000.0,72090092.41
5030000.0,-11923937.52
9500000.0,29879571.2
3700000.0,3578118.74
5700000.0,24407602.07
3700000.0,8308603.72
8500000.0,24905053.81
30000000.0,25746028.31
23500000.0,43237891.53
29500000.0,28631248.4
80000000.0,32640709.42
18700000.0,42839930.14
15800000.0,30621055.35
13000000.0,27889764.24
52500000.0,52311411.25
16000000.0,25149086.22
37800000.0,52192022.84
115000000.0,56524546.42
140000000.0,71348608.25
3900000.0,5821345.02
4500000.0,7214209.89
42500000.0,64130864.58
13200000.0,22164375.79
6500000.0,23059788.92
31000000.0,26641441.44
27500000.0,30123603.61
7500000.0,6562829.18
6900000.0,23159279.27
14000000.0,8055184.39
110000000.0,55176733.27
18000000.0,45526169.53
2399000.0,29879571.2
7400000.0,21666924.05
1350000.0,-13814254.13
35000000.0,48212408.92
7500000.0,27138893.18
23600000.0,26641441.44
27500000.0,32864281.64
16000000.0,27536854.57
26500000.0,30123603.61
22500000.0,44232795.01
7980000.0,26143989.7
27500000.0,26641441.44
4000000.0,4075570.48
35000000.0,46620563.36
8400000.0,24407602.07
46500000.0,35848992.07
29800000.0,32864281.64
75000000.0,50202215.88
35000000.0,52942893.9
4200000.0,6219306.41
7550000.0,25899957.29
13000000.0,24154182.74
5500000.0,3030921.83
8200000.0,25298321.74
19000000.0,50699667.62
17000000.0,24154182.74
7300000.0,25899957.29
4211000.0,21268962.66
7000000.0,23159279.27
28000000.0,33108314.05
42500000.0,56126585.03
39000000.0,50699667.62
90000000.0,55176733.27
120000000.0,63135961.1
4600000.0,7512680.94
61500000.0,64130864.58
7700000.0,21617178.87
18200000.0,10542443.09
6100000.0,22164375.79
65000000.0,90749226.08
6800000.0,3120463.14
5500000.0,4573022.22
38000000.0,30123603.61
5000000.0,22661827.53
90000000.0,32113410.57
27500000.0,32610862.31
26500000.0,31118507.09
11000000.0,40253181.09
17000000.0,29382119.46
2600000.0,2583215.26
6500000.0,5821345.02
26500000.0,28133796.66
7800000.0,25899957.29
8000000.0,23159279.27
3400000.0,3578118.74
5600000.0,25899957.29
5800000.0,6562829.18
44000000.0,55176733.27
35000000.0,32068358.85
26000000.0,32864281.64
5300000.0,21268962.66
23000000.0,26641441.44
15100000.0,30621055.35
27500000.0,26641441.44
8000000.0,23955202.05
1700000.0,-10078672.63
42500000.0,46222601.97
104900000.0,55176733.27
420000000.0,88189090.76
35000000.0,49207312.4
13200000.0,45481117.81
12500000.0,41745536.31
4500000.0,9800958.94
16900000.0,68788472.93
1600000.0,18935632.94
11000000.0,60087760.95
7200000.0,-12023427.87
15200000.0,44983666.07
23500000.0,55430152.6
27500000.0,30123603.61
79500000.0,68110478.49
7700000.0,22164375.79
5500000.0,22661827.53
26000000.0,50699667.62
25800000.0,31118507.09
60000000.0,73084995.88
96000000.0,46222601.97
60000000.0,61525677.53
3800000.0,5567925.7
32500000.0,31118507.09
32500000.0,32113410.57
57500000.0,32640709.42
19000000.0,26641441.44
125000000.0,77562061.54
6000000.0,8457839.24
19500000.0,12785669.37
28000000.0,31118507.09
45000000.0,32113410.57
65000000.0,31118507.09
20900000.0,27143586.64
2600000.0,3478628.39
26500000.0,32864281.64
37500000.0,54335758.77
3000000.0,-7048910.48
3700000.0,4075570.48
29000000.0,32113410.57
3764000.0,4075570.48
28500000.0,29626151.88
7500000.0,21666924.05
31000000.0,29382119.46
29500000.0,64564826.6
27500000.0,29128700.14
32500000.0,31118507.09
6200000.0,56605598.77
27000000.0,32113410.57
16500000.0,10044991.35
1500000.0,-12520879.61
31500000.0,48212408.92
37500000.0,33859185.12
28800000.0,31118507.09
15500000.0,61326696.84
21500000.0,15516960.48
24000000.0,51197119.36
6200000.0,-11923937.52
16000000.0,25149086.22
29500000.0,29879571.2
84900000.0,41147134.16
9500000.0,7557732.65
79500000.0,35595572.75
15100000.0,30073858.44
28000000.0,12785669.37
27500000.0,29128700.14
75000000.0,74757893.8
23800000.0,30123603.61
14500000.0,48963279.99
30000000.0,50202215.88
15000000.0,49804254.49
170000000.0,66871542.6
18500000.0,12034798.31
21000000.0,11039894.83
15100000.0,30621055.35
38000000.0,54181829.79
14500000.0,43237891.53
32000000.0,26143989.7
20800000.0,11790765.89
140000000.0,50202215.88
7500000.0,19925842.96
31000000.0,56922507.82
32500000.0,27536854.57
12000000.0,8552636.13
59000000.0,72455871.25
8500000.0,38760825.88
9450000.0,26143989.7
27500000.0,32068358.85
2500000.0,-13018331.35
27500000.0,29626151.88
17000000.0,8552636.13
27000000.0,31615958.83
6500000.0,21169472.31
3386000.0,44983666.07
150000000.0,74661636.84
35000000.0,31118507.09
11000000.0,7060280.91
16000000.0,50699667.62
32000000.0,31978817.54
27000000.0,28631248.4
27000000.0,44232795.01
87000000.0,46043519.34
37500000.0,50953086.94
32100000.0,54932700.86
6000000.0,24905053.81
2830000.0,4324296.35
31000000.0,31118507.09
27000000.0,30123603.61
5600000.0,24009640.68
12500000.0,5070473.96
65000000.0,33859185.12
7500000.0,6065377.44
3400000.0,-9780201.59
6500000.0,23159279.27
3800000.0,8010132.68
24500000.0,32864281.64
110000000.0,120748172.85
8400000.0,24154182.74
5551000.0,20672020.57
14500000.0,23412698.59
38000000.0,15337877.86
11000000.0,16269291.62
5100000.0,21666924.05
25500000.0,33859185.12
20000000.0,24402908.61
38500000.0,54932700.86
8425000.0,26143989.7
29000000.0,50699667.62
6000000.0,5070473.96
7500000.0,23159279.27
68500000.0,56171636.75
8000000.0,25149086.22
32500000.0,33859185.12
17000000.0,24402908.61
3511000.0,4772002.91
7000000.0,25646537.96
12300000.0,26641441.44
4450000.0,5070473.96
19500000.0,24402908.61
20000000.0,28133796.66
36500000.0,29879571.2
4200000.0,6065377.44
8200000.0,21169472.31
7800000.0,26695880.07
30000000.0,28133796.66
70000000.0,66871542.6
28500000.0,61326696.84
28000000.0,47217505.44
39800000.0,55798266.88
70000000.0,63235451.45
15000000.0,-7790394.63
35000000.0,50202215.88
26500000.0,29879571.2
26500000.0,33859185.12
14000000.0,27641038.37
100000000.0,58569354.13
25000000.0,44232795.01
3750000.0,5070473.96
13500000.0,23656731.0
18000000.0,12785669.37
6600000.0,4573022.22
19500000.0,53937797.38
8500000.0,25149086.22
31500000.0,34854088.59
37500000.0,54181829.79
4600000.0,7711661.63
120000000.0,75825673.91
27500000.0,31118507.09
8900000.0,22164375.79
46000000.0,52942893.9
8200000.0,4821748.09
9000000.0,5070473.96
15500000.0,25149086.22
27000000.0,35595572.75
4200000.0,47019984.82
41100000.0,47336893.86
27500000.0,26641441.44
43500000.0,27138893.18
36000000.0,50202215.88
2350000.0,-10675614.72
60000000.0,34103217.53
50000000.0,29879571.2
3870000.0,4831697.12
11000000.0,25646537.96
36000000.0,31118507.09
9700000.0,25149086.22
27500000.0,30123603.61
17500000.0,45481117.81
28000000.0,31118507.09
16000000.0,58341986.4
16000000.0,7557732.65
8000000.0,20672020.57
85000000.0,52942893.9
35100000.0,63316503.79
170000000.0,61444625.19
25000000.0,30277532.59
7500000.0,24905053.81
8600000.0,26098937.98
6400000.0,24407602.07
27000000.0,31118507.09
29000000.0,31118507.09
3500000.0,4075570.48
7200000.0,23159279.27
22000000.0,32610862.31
8800000.0,24407602.07
55000000.0,35595572.75
15000000.0,25149086.22
5000000.0,22661827.53
18000000.0,45227698.49
23900000.0,24402908.61
23800000.0,31869378.16
16600000.0,42242988.05
14500000.0,10795862.42
180000000.0,99947389.8
8500000.0,18184761.87
9800000.0,24154182.74
37500000.0,33108314.05
14000000.0,11591785.2
4651000.0,24905053.81
45000000.0,56126585.03
28000000.0,33108314.05
3500000.0,-8287846.37
4600000.0,5567925.7
32000000.0,28133796.66
12700000.0,22661827.53
3750000.0,5070473.96
11500000.0,8552636.13
110000000.0,55176733.27
26300000.0,48212408.92
5400000.0,7015229.2
9000000.0,10044991.35
26600000.0,54932700.86
7500000.0,21666924.05
35500000.0,48212408.92
28500000.0,32690454.59
5700000.0,24905053.81
3400000.0,4573022.22
150000000.0,99133029.02
210000000.0,134949554.25
25000000.0,49958183.47
2000000.0,-9332495.02
9000000.0,25899957.29
3100000.0,4573022.22
4500000.0,5567925.7
25700000.0,51694571.1
110000000.0,87978700.96
7500000.0,4573022.22
6000000.0,25899957.29
12000000.0,23955202.05
26000000.0,61326696.84
10000000.0,42242988.05
170000000.0,63135961.1
8000000.0,25149086.22
2500000.0,-9780201.59
81500000.0,57917411.29
18500000.0,27133637.6
4720000.0,7313700.24
80000000.0,32640709.42
44500000.0,57917411.29
29500000.0,34854088.59
11000000.0,29879571.2
35000000.0,27859917.14
4450000.0,7612171.28
2300000.0,-13018331.35
175000000.0,75825673.91
26800000.0,31118507.09
120000000.0,83034030.67
49900000.0,53186926.31
3500000.0,4075570.48
9500000.0,22164375.79
3890000.0,4075570.48
15500000.0,13432356.63
5552000.0,5567925.7
37000000.0,26641441.44
4000000.0,3478628.39
19700000.0,43237891.53
15000000.0,25149086.22
85000000.0,50202215.88
12500000.0,21268962.66
13000000.0,42740439.79
8500000.0,5269454.65
41500000.0,26641441.44
12000000.0,22164375.79
3500000.0,5567925.7
24500000.0,30123603.61
25000000.0,32864281.64
43000000.0,31118507.09
3350000.0,6816248.5
10000000.0,23656731.0
75000000.0,56171636.75
57500000.0,56126585.03
65000000.0,29924622.92
25200000.0,30123603.61
11600000.0,24154182.74
22900000.0,15770379.81
3200000.0,4075570.48
35000000.0,77001120.08
35000000.0,53440345.64
6500000.0,4075570.48
13800000.0,44983666.07
44000000.0,29382119.46
22500000.0,44983666.07
2700000.0,3578118.74
17200000.0,13283121.11
10500000.0,22661827.53
12000000.0,23955202.05
45000000.0,54932700.86
28000000.0,13283121.11
20000000.0,24402908.61
32500000.0,32113410.57
24000000.0,47217505.44
26000000.0,30123603.61
9500000.0,24651634.48
8000000.0,27138893.18
6200000.0,5269454.65
25500000.0,30123603.61
26500000.0,30123603.61
25500000.0,28631248.4
27500000.0,12288217.63
5251000.0,25899957.29
6500000.0,21666924.05
7300000.0,6065377.44
7500000.0,5070473.96
54500000.0,34575515.62
3000000.0,6219306.41
25500000.0,30123603.61
52500000.0,158735047.73
12500000.0,54362372.49
32000000.0,31118507.09
11000000.0,22174324.82
52500000.0,30123603.61
29800000.0,32864281.64
35000000.0,49804254.49
18500000.0,10298410.68
34300000.0,50202215.88
3050000.0,3080667.0
2400000.0,-13515783.09
12000000.0,42242988.05
15000000.0,50699667.62
23500000.0,24402908.61
2400000.0,44983666.07
7500000.0,24154182.74
5900000.0,8308603.72
6500000.0,22164375.79
26000000.0,29128700.14
40000000.0,33859185.12
34000000.0,27536854.57
8600000.0,23159279.27
50000000.0,47814447.53
5000000.0,6612574.35
4500000.0,21169472.31
55000000.0,57917411.29
36000000.0,51197119.36
32500000.0,33859185.12
17500000.0,60087760.95
37800000.0,52942893.9
5400000.0,23059788.92
8000000.0,21666924.05
26500000.0,51694571.1
9500000.0,16269291.62
16500000.0,24402908.61
6700000.0,21169472.31
110000000.0,45051849.25
18000000.0,27392312.51
6100000.0,21268962.66
6850000.0,23159279.27
3700000.0,6816248.5
24000000.0,27143586.64
20100000.0,24402908.61
26000000.0,59336889.88
26000000.0,30123603.61
17500000.0,42740439.79
6000000.0,25149086.22
6500000.0,23159279.27
18500000.0,31118507.09
2600000.0,2573266.23
82500000.0,62394476.95
29500000.0,31118507.09
28000000.0,9050087.87
25500000.0,30874474.68
28500000.0,30123603.61
9600000.0,-11525976.13
24000000.0,60386231.99
300000000.0,86779561.21
3600000.0,7313700.24
33100000.0,50202215.88
5500000.0,4573022.22
5100000.0,8308603.72
65000000.0,35595572.75
7500000.0,28446910.19
19000000.0,24154182.74
50000000.0,57917411.29
30500000.0,45227698.49
9500000.0,23507495.48
5700000.0,22661827.53
40000000.0,23114227.55
13000000.0,25646537.96
8400000.0,26397409.03
260000000.0,145649460.1
27500000.0,26641441.44
320000000.0,117855652.42
27500000.0,31118507.09
8449000.0,26143989.7
7500000.0,19179665.35
11500000.0,6562829.18
30500000.0,54932700.86
6500000.0,22064885.44
30700000.0,30123603.61
7000000.0,24905053.81
95000000.0,36008176.63
5000000.0,29879571.2
47500000.0,49983337.11
10500000.0,30128297.07
3300000.0,4573022.22
34000000.0,30621055.35
9500000.0,22164375.79
85000000.0,49207312.4
5450000.0,6065377.44
3500000.0,7811151.98
29000000.0,31198099.37
66500000.0,60155944.12
51500000.0,46222601.97
30000000.0,27138893.18
2100000.0,29879571.2
4000000.0,20672020.57
5250000.0,21268962.66
5911000.0,25899957.29
5400000.0,3578118.74
37000000.0,29626151.88
21200000.0,54932700.86
4650000.0,-12520879.61
6100000.0,19925842.96
7500000.0,26894860.77
8000000.0,7811151.98
36000000.0,31118507.09
38000000.0,35848992.07
117500000.0,68607930.23
15500000.0,8055184.39
27500000.0,30123603.61
35000000.0,31118507.09
3300000.0,4075570.48
29000000.0,33108314.05
22500000.0,46222601.97
10500000.0,29581100.16
70000000.0,55176733.27
8000000.0,24402908.61
30000000.0,61326696.84
55000000.0,50202215.88
27000000.0,30123603.61
21000000.0,7060280.91
42100000.0,31118507.09
2200000.0,-12520879.61
4800000.0,6826197.54
41100000.0,66871542.6
33500000.0,30133552.65
24800000.0,31118507.09
25500000.0,9050087.87
3600000.0,3478628.39
270000000.0,46788236.88
17000000.0,46222601.97
5000000.0,-12023427.87
7500000.0,41745536.31
37500000.0,32366829.9
6500000.0,22164375.79
13500000.0,6065377.44
16000000.0,31968868.51
15800000.0,30377022.94
49000000.0,64130864.58
110000000.0,190571959.04
12500000.0,5070473.96
15900000.0,10044991.35
18500000.0,24154182.74
4500000.0,21666924.05
5700000.0,6065377.44
37500000.0,52544932.51
6500000.0,26695880.07
3300000.0,4871493.26
27900000.0,32541219.07
21000000.0,24402908.61
7000000.0,27138893.18
2743000.0,4075570.48
9000000.0,29879571.2
3700000.0,4573022.22
61000000.0,36814048.45
8500000.0,23910150.33
7000000.0,23159279.27
28900000.0,28631248.4
3432000.0,3578118.74
36000000.0,52942893.9
21000000.0,12785669.37
6200000.0,24905053.81
10000000.0,43984069.14
110000000.0,59336889.88
13500000.0,42242988.05
37500000.0,54928007.4
6000000.0,22164375.79
2400000.0,-9282749.85
5400000.0,22417795.11
23000000.0,31118507.09
22500000.0,13029701.79
9550000.0,26143989.7
7500000.0,7562426.11
14000000.0,9308762.78
28000000.0,34356636.85
125000000.0,73084995.88
3400000.0,7811151.98
15000000.0,44983666.07
2264000.0,-13018331.35
15000000.0,28934412.9
12100000.0,45978569.55
150000000.0,63135961.1
56500000.0,31834837.6
3500000.0,5821345.02
9000000.0,26641441.44
4350000.0,-12520879.61
6500000.0,4573022.22
9500000.0,24154182.74
3151000.0,4473531.87
80500000.0,55176733.27
80000000.0,65876639.12
4600000.0,6915738.85
2700000.0,3677609.09
1800000.0,44983666.07
21000000.0,43237891.53
62500000.0,32113410.57
2500000.0,2583215.26
41500000.0,51197119.36
19000000.0,24402908.61
28200000.0,65306310.75
22000000.0,25149086.22
5000000.0,-12520879.61
8200000.0,25298321.74
28200000.0,31217997.44
9500000.0,40253181.09
2050000.0,8010132.68
38000000.0,48212408.92
6000000.0,10795862.42
8600000.0,21169472.31
13500000.0,23059788.92
6500000.0,24905053.81
5400000.0,9800958.94
6700000.0,21268962.66
19000000.0,29879571.2
25800000.0,30123603.61
27400000.0,29327680.83
7000000.0,3478628.39
25000000.0,51197119.36
28000000.0,25746028.31
10400000.0,27392312.51
42500000.0,53440345.64
27500000.0,30123603.61
6500000.0,22164375.79
67500000.0,35595572.75
35100000.0,50953086.94
2000000.0,-13018331.35
2800000.0,6219306.41
10500000.0,24154182.74
5800000.0,7313700.24
21000000.0,13029701.79
7800000.0,23159279.27
34000000.0,26502154.95
5000000.0,5567925.7
10900000.0,25899957.29
29800000.0,31118507.09
8500000.0,26641441.44
3321000.0,4374041.52
120000000.0,75825673.91
55000000.0,31118507.09
5000000.0,22661827.53
31500000.0,28133796.66
125000000.0,88189090.76
23400000.0,32864281.64
7900000.0,21617178.87
47500000.0,60151250.66
18000000.0,10542443.09
15000000.0,24402908.61
55000000.0,28133796.66
4500000.0,5821345.02
19000000.0,24402908.61
85000000.0,49207312.4
75000000.0,53440345.64
33000000.0,50202215.88
30000000.0,30621055.35
33100000.0,55430152.6
52500000.0,35894043.79
7500000.0,22164375.79
23200000.0,26143989.7
29500000.0,31615958.83
7500000.0,5567925.7
18000000.0,25646537.96
28000000.0,33361733.38
4821000.0,24905053.81
22500000.0,60087760.95
7500000.0,6318796.76
41500000.0,53440345.64
16000000.0,48908841.36
35500000.0,51197119.36
30500000.0,31367232.96
160000000.0,64130864.58
19000000.0,26143989.7
3200000.0,3578118.74
26000000.0,26641441.44
3800000.0,4075570.48
52000000.0,55927604.34
57500000.0,55176733.27
43500000.0,31118507.09
32000000.0,31118507.09
12500000.0,41745536.31
41000000.0,31118507.09
11100000.0,7060280.91
30000000.0,28163643.76
5600000.0,20672020.57
25500000.0,53440345.64
85000000.0,55176733.27
33900000.0,48963279.99
7600000.0,22164375.79
6800000.0,21666924.05
8800000.0,21169472.31
14500000.0,26143989.7
55000000.0,31615958.83
4600000.0,4573022.22
24000000.0,55927604.34
4800000.0,23412698.59
7500000.0,23059788.92
102500000.0,60155944.12
80000000.0,30123603.61
8000000.0,19478136.39
82500000.0,75825673.91
22300000.0,45526169.53
40000000.0,32113410.57
28200000.0,33108314.05
2200000.0,-13018331.35
28500000.0,27536854.57
7500000.0,24154182.74
35500000.0,51197119.36
39500000.0,37838799.03
32000000.0,33859185.12
21500000.0,8055184.39
65000000.0,51147374.18
17500000.0,42242988.05
32500000.0,32864281.64
17500000.0,9050087.87
21000000.0,29128700.14
13700000.0,28133796.66
82500000.0,55176733.27
3500000.0,8308603.72
84000000.0,66628072.31
13000000.0,42242988.05
12700000.0,43143094.64
27500000.0,31615958.83
42000000.0,56922507.82
100000000.0,38336250.77
30500000.0,30621055.35
4850000.0,22661827.53
17000000.0,44983666.07
30000000.0,29626151.88
29800000.0,30123603.61
8000000.0,25149086.22
4500000.0,5269454.65
17400000.0,25646537.96
4700000.0,4374041.52
5500000.0,3030921.83
5300000.0,9800958.94
3000000.0,4075570.48
38500000.0,54181829.79
7499000.0,25139137.19
6600000.0,30377022.94
25500000.0,24651634.48
16500000.0,9800958.94
27000000.0,30621055.35
1600000.0,44983666.07
7000000.0,24154182.74
5500000.0,9800958.94
15000000.0,66301214.23
65000000.0,31118507.09
2650000.0,3578118.74
100000000.0,35595572.75
29000000.0,27536854.57
7900000.0,41248084.57
4484000.0,5821345.02
32500000.0,29128700.14
34000000.0,50202215.88
3000000.0,3578118.74
80000000.0,157731968.53
5000000.0,7060280.91
21000000.0,25149086.22
58000000.0,52848659.13
7500000.0,23159279.27
8500000.0,17687310.13
135000000.0,73084995.88
22000000.0,43237891.53
5700000.0,22164375.79
6200000.0,22164375.79
5500000.0,72904453.19
16000000.0,25149086.22
39800000.0,53937797.38
26700000.0,32864281.64
27500000.0,29128700.14
10100000.0,25899957.29
26000000.0,48963279.99
1600000.0,-12520879.61
37000000.0,52689474.58
5600000.0,24905053.81
211100000.0,105672778.26
25000000.0,31869378.16
5560000.0,5567925.7
9500000.0,24154182.74
8300000.0,22164375.79
38500000.0,50202215.88
10500000.0,24154182.74
4500000.0,21169472.31
28500000.0,29128700.14
27500000.0,30123603.61
7200000.0,23159279.27
26500000.0,30123603.61
4500000.0,6562829.18
8500000.0,23626883.9
47500000.0,52669576.51
27500000.0,30123603.61
18500000.0,24552144.14
52500000.0,31118507.09
13000000.0,10298410.68
31000000.0,61326696.84
175000000.0,83594096.76
9500000.0,21865904.74
27500000.0,7060280.91
6000000.0,5070473.96
25000000.0,31118507.09
5500000.0,22164375.79
32500000.0,31118507.09
6021000.0,10795862.42
62500000.0,53937797.38
11500000.0,11293314.15
5500000.0,5070473.96
37500000.0,70036795.73
25700000.0,30123603.61
10000000.0,29879571.2
25500000.0,28631248.4
4500000.0,5070473.96
23000000.0,51197119.36
26500000.0,28133796.66
34500000.0,31869378.16
85000000.0,55674185.01
3976000.0,20672020.57
39000000.0,51947990.42
33900000.0,51947990.42
58000000.0,36814048.45
5600000.0,21666924.05
15100000.0,30621055.35
87500000.0,55176733.27
5000000.0,7114719.54
21500000.0,24940156.49
28000000.0,52942893.9
4521000.0,4573022.22
5000000.0,7060280.91
8000000.0,42242988.05
12400000.0,24905053.81
5700000.0,22164375.79
160000000.0,61326696.84
9500000.0,22164375.79
5700000.0,24009640.68
6300000.0,18085271.52
3850000.0,5070473.96
4300000.0,4075570.48
5500000.0,4821748.09
36000000.0,17144806.68
85000000.0,52192022.84
52000000.0,31118507.09
75000000.0,38833702.51
55000000.0,31118507.09
4850000.0,-12520879.61
47500000.0,64130864.58
25500000.0,32113410.57
4500000.0,2583215.26
7499000.0,25149086.22
5490000.0,4573022.22
21000000.0,12785669.37
3165000.0,4075570.48
7550000.0,21169472.31
135000000.0,66871542.6
24900000.0,30621055.35
3000000.0,3578118.74
16000000.0,42740439.79
21000000.0,16547864.59
8600000.0,26641441.44
15000000.0,10044991.35
17500000.0,25646537.96
25000000.0,29327680.83
15100000.0,30621055.35
6500000.0,23169228.3
8500000.0,21169472.31
7500000.0,5567925.7
29700000.0,35351540.33
2500000.0,-13018331.35
15000000.0,10044991.35
9000000.0,27889764.24
5500000.0,29879571.2
18700000.0,53937797.38
4680000.0,7413190.59
15500000.0,8055184.39
42600000.0,53440345.64
8500000.0,21169472.31
11000000.0,23159279.27
9500000.0,39258277.62
25000000.0,30123603.61
26400000.0,30123603.61
38500000.0,52192022.84
85000000.0,92666156.41
13000000.0,26695880.07
26000000.0,31118507.09
42600000.0,52942893.9
34000000.0,35351540.33
16000000.0,64067374.86
9500000.0,23507495.48
5932000.0,8427992.14
14200000.0,29128700.14
2500000.0,-9780201.59
2500000.0,44983666.07
26500000.0,9547539.61
30000000.0,31118507.09
15000000.0,27138893.18
24500000.0,31118507.09
8000000.0,25800466.94
27000000.0,26641441.44
4500000.0,29879571.2
50000000.0,53385907.01
9700000.0,27138893.18
3700000.0,7313700.24
9000000.0,26143989.7
33500000.0,32013920.22
39000000.0,64881735.64
9000000.0,20373549.53
130000000.0,55176733.27
18000000.0,32068358.85
35000000.0,50202215.88
27500000.0,32864281.64
4500000.0,21268962.66
7500000.0,24407602.07
5700000.0,8308603.72
27000000.0,17144806.68
38500000.0,54932700.86
7500000.0,25899957.29
46000000.0,55927604.34
52500000.0,35381387.44
27500000.0,27536854.57
37500000.0,31118507.09
70000000.0,55176733.27
28000000.0,28133796.66
17500000.0,41998955.64
25800000.0,30621055.35
17500000.0,45381627.47
36000000.0,31118507.09
11500000.0,50084287.53
5800000.0,47945245.05
18500000.0,27889764.24
5100000.0,22164375.79
19000000.0,17144806.68
26000000.0,29382119.46
5200000.0,21746516.33
9500000.0,24402908.61
9500000.0,23955202.05
26800000.0,32690454.59
9500000.0,24154182.74
3600000.0,5821345.02
9200000.0,38263374.14
5521000.0,6065377.44
9300000.0,27392312.51
9000000.0,25800466.94
22500000.0,24402908.61
25200000.0,30621055.35
62500000.0,55176733.27
6500000.0,4075570.48
6800000.0,20721765.74
18500000.0,47217505.44
13500000.0,-8287846.37
11000000.0,40253181.09
19100000.0,57386879.06
45000000.0,33859185.12
5500000.0,23159279.27
75000000.0,32113410.57
57500000.0,51947990.42
26000000.0,26641441.44
5500000.0,10696372.07
29000000.0,32113410.57
3000000.0,4075570.48
28000000.0,32366829.9
25000000.0,26641441.44
10500000.0,44983666.07
35500000.0,31118507.09
7100000.0,21169472.31
160000000.0,88008548.06
12000000.0,45058564.9
8000000.0,44983666.07
47500000.0,49903744.84
220000000.0,93163608.15
12500000.0,24905053.81
8000000.0,25298321.74
33000000.0,31118507.09
41500000.0,52192022.84
52500000.0,55176733.27
42500000.0,50699667.62
82500000.0,55176733.27
180000000.0,88008548.06
30000000.0,32864281.64
29500000.0,30621055.35
29400000.0,32366829.9
28500000.0,32113410.57
13000000.0,22164375.79
33500000.0,29128700.14
40000000.0,31118507.09
10000000.0,21467943.35
4500000.0,6318796.76
57500000.0,34575515.62
42500000.0,32516065.42
8500000.0,26641441.44
10000000.0,44983666.07
5000000.0,5567925.7
15500000.0,7060280.91
9020000.0,25646537.96
4800000.0,7612171.28
39000000.0,31869378.16
32000000.0,30123603.61
11000000.0,44232795.01
35000000.0,31118507.09
10000000.0,28133796.66
34500000.0,24402908.61
18000000.0,28133796.66
2500000.0,6318796.76
107500000.0,44983666.07
14400000.0,24154182.74
27500000.0,32864281.64
10000000.0,22164375.79
32500000.0,31615958.83
3000000.0,-9780201.59
16000000.0,7060280.91
120000000.0,55176733.27
21000000.0,26143989.7
17000000.0,24402908.61
11000000.0,23159279.27
14000000.0,22164375.79
6000000.0,25899957.29
29000000.0,58341986.4
28900000.0,32113410.57
5800000.0,18085271.52
26000000.0,32864281.64
40000000.0,55176733.27
17000000.0,9050087.87
270000000.0,85774708.69
9500000.0,7293802.17
4500000.0,6617267.81
3700000.0,8308603.72
15000000.0,53440345.64
6500000.0,24154182.74
9300000.0,24154182.74
161000000.0,60155944.12
10000000.0,25646537.96
13700000.0,31869378.16
4300000.0,24009640.68
120000000.0,73084995.88
6000000.0,8507584.41
6500000.0,22164375.79
21100000.0,48212408.92
62500000.0,29879571.2
39500000.0,33859185.12
7000000.0,22164375.79
5000000.0,24009640.68
24000000.0,27636344.92
57500000.0,57917411.29
18000000.0,80410405.62
28000000.0,51694571.1
27500000.0,29382119.46
65000000.0,29924622.92
10500000.0,24154182.74
5200000.0,21268962.66
9000000.0,20174568.83
39000000.0,48212408.92
9000000.0,25149086.22
9500000.0,41248084.57
6721000.0,25646537.96
80000000.0,62457966.67
62500000.0,33859185.12
5500000.0,22164375.79
4720000.0,7612171.28
13800000.0,22164375.79
6700000.0,21268962.66
32500000.0,50202215.88
8000000.0,6562829.18
4200000.0,2583215.26
7500000.0,23159279.27
27500000.0,31118507.09
5600000.0,4573022.22
61000000.0,34103217.53
55000000.0,67296117.71
27500000.0,7060280.91
25500000.0,33361733.38
27500000.0,31118507.09
